NOME DA CONTA 1;AGÊNCIA 1;CONTA CORRENTE 1;CNPJ 1
NOME DA CONTA 2;AGÊNCIA 2;CONTA CORRENTE 2;CNPJ 2
NOME DA CONTA 3;AGÊNCIA 3;CONTA CORRENTE 3;CNPJ 3
NOME DA CONTA 4;AGÊNCIA 4;CONTA CORRENTE 4;CNPJ 4
NOME DA CONTA 5;AGÊNCIA 5;CONTA CORRENTE 5;CNPJ 5
NOME DA CONTA 6;AGÊNCIA 6;CONTA CORRENTE 6;CNPJ 6
NOME DA CONTA 7;AGÊNCIA 7;CONTA CORRENTE 7;CNPJ 7
NOME DA CONTA 8;AGÊNCIA 8;CONTA CORRENTE 8;CNPJ 8
NOME DA CONTA 9;AGÊNCIA 9;CONTA CORRENTE 9;CNPJ 9
NOME DA CONTA 10;AGÊNCIA 10;CONTA CORRENTE 10;CNPJ 10
NOME DA CONTA 11;AGÊNCIA 11;CONTA CORRENTE 11;CNPJ 11
NOME DA CONTA 12;AGÊNCIA 12;CONTA CORRENTE 12;CNPJ 12
NOME DA CONTA 13;AGÊNCIA 13;CONTA CORRENTE 13;CNPJ 13
NOME DA CONTA 14;AGÊNCIA 14;CONTA CORRENTE 14;CNPJ 14
NOME DA CONTA 15;AGÊNCIA 15;CONTA CORRENTE 15;CNPJ 15
NOME DA CONTA 16;AGÊNCIA 16;CONTA CORRENTE 16;CNPJ 16
NOME DA CONTA 17;AGÊNCIA 17;CONTA CORRENTE 17;CNPJ 17
NOME DA CONTA 18;AGÊNCIA 18;CONTA CORRENTE 18;CNPJ 18
NOME DA CONTA 19;AGÊNCIA 19;CONTA CORRENTE 19;CNPJ 19
NOME DA CONTA 20;AGÊNCIA 20;CONTA CORRENTE 20;CNPJ 20
NOME DA CONTA 21;AGÊNCIA 21;CONTA CORRENTE 21;CNPJ 21
NOME DA CONTA 22;AGÊNCIA 22;CONTA CORRENTE 22;CNPJ 22
NOME DA CONTA 23;AGÊNCIA 23;CONTA CORRENTE 23;CNPJ 23
NOME DA CONTA 24;AGÊNCIA 24;CONTA CORRENTE 24;CNPJ 24
NOME DA CONTA 25;AGÊNCIA 25;CONTA CORRENTE 25;CNPJ 25
NOME DA CONTA 26;AGÊNCIA 26;CONTA CORRENTE 26;CNPJ 26
NOME DA CONTA 27;AGÊNCIA 27;CONTA CORRENTE 27;CNPJ 27
NOME DA CONTA 28;AGÊNCIA 28;CONTA CORRENTE 28;CNPJ 28
NOME DA CONTA 29;AGÊNCIA 29;CONTA CORRENTE 29;CNPJ 29
NOME DA CONTA 30;AGÊNCIA 30;CONTA CORRENTE 30;CNPJ 30
NOME DA CONTA 31;AGÊNCIA 31;CONTA CORRENTE 31;CNPJ 31
NOME DA CONTA 32;AGÊNCIA 32;CONTA CORRENTE 32;CNPJ 32
NOME DA CONTA 33;AGÊNCIA 33;CONTA CORRENTE 33;CNPJ 33
NOME DA CONTA 34;AGÊNCIA 34;CONTA CORRENTE 34;CNPJ 34
NOME DA CONTA 35;AGÊNCIA 35;CONTA CORRENTE 35;CNPJ 35
NOME DA CONTA 36;AGÊNCIA 36;CONTA CORRENTE 36;CNPJ 36
NOME DA CONTA 37;AGÊNCIA 37;CONTA CORRENTE 37;CNPJ 37
NOME DA CONTA 38;AGÊNCIA 38;CONTA CORRENTE 38;CNPJ 38
NOME DA CONTA 39;AGÊNCIA 39;CONTA CORRENTE 39;CNPJ 39
NOME DA CONTA 40;AGÊNCIA 40;CONTA CORRENTE 40;CNPJ 40
NOME DA CONTA 41;AGÊNCIA 41;CONTA CORRENTE 41;CNPJ 41
NOME DA CONTA 42;AGÊNCIA 42;CONTA CORRENTE 42;CNPJ 42
NOME DA CONTA 43;AGÊNCIA 43;CONTA CORRENTE 43;CNPJ 43
NOME DA CONTA 44;AGÊNCIA 44;CONTA CORRENTE 44;CNPJ 44
NOME DA CONTA 45;AGÊNCIA 45;CONTA CORRENTE 45;CNPJ 45
NOME DA CONTA 46;AGÊNCIA 46;CONTA CORRENTE 46;CNPJ 46
NOME DA CONTA 47;AGÊNCIA 47;CONTA CORRENTE 47;CNPJ 47
NOME DA CONTA 48;AGÊNCIA 48;CONTA CORRENTE 48;CNPJ 48
NOME DA CONTA 49;AGÊNCIA 49;CONTA CORRENTE 49;CNPJ 49
NOME DA CONTA 50;AGÊNCIA 50;CONTA CORRENTE 50;CNPJ 50
NOME DA CONTA 51;AGÊNCIA 51;CONTA CORRENTE 51;CNPJ 51
NOME DA CONTA 52;AGÊNCIA 52;CONTA CORRENTE 52;CNPJ 52
NOME DA CONTA 53;AGÊNCIA 53;CONTA CORRENTE 53;CNPJ 53
NOME DA CONTA 54;AGÊNCIA 54;CONTA CORRENTE 54;CNPJ 54
NOME DA CONTA 55;AGÊNCIA 55;CONTA CORRENTE 55;CNPJ 55
NOME DA CONTA 56;AGÊNCIA 56;CONTA CORRENTE 56;CNPJ 56
NOME DA CONTA 57;AGÊNCIA 57;CONTA CORRENTE 57;CNPJ 57
NOME DA CONTA 58;AGÊNCIA 58;CONTA CORRENTE 58;CNPJ 58
NOME DA CONTA 59;AGÊNCIA 59;CONTA CORRENTE 59;CNPJ 59
NOME DA CONTA 60;AGÊNCIA 60;CONTA CORRENTE 60;CNPJ 60
NOME DA CONTA 61;AGÊNCIA 61;CONTA CORRENTE 61;CNPJ 61
NOME DA CONTA 62;AGÊNCIA 62;CONTA CORRENTE 62;CNPJ 62
NOME DA CONTA 63;AGÊNCIA 63;CONTA CORRENTE 63;CNPJ 63
NOME DA CONTA 64;AGÊNCIA 64;CONTA CORRENTE 64;CNPJ 64
NOME DA CONTA 65;AGÊNCIA 65;CONTA CORRENTE 65;CNPJ 65
NOME DA CONTA 66;AGÊNCIA 66;CONTA CORRENTE 66;CNPJ 66
NOME DA CONTA 67;AGÊNCIA 67;CONTA CORRENTE 67;CNPJ 67
NOME DA CONTA 68;AGÊNCIA 68;CONTA CORRENTE 68;CNPJ 68
NOME DA CONTA 69;AGÊNCIA 69;CONTA CORRENTE 69;CNPJ 69
NOME DA CONTA 70;AGÊNCIA 70;CONTA CORRENTE 70;CNPJ 70
NOME DA CONTA 71;AGÊNCIA 71;CONTA CORRENTE 71;CNPJ 71
NOME DA CONTA 72;AGÊNCIA 72;CONTA CORRENTE 72;CNPJ 72
NOME DA CONTA 73;AGÊNCIA 73;CONTA CORRENTE 73;CNPJ 73
NOME DA CONTA 74;AGÊNCIA 74;CONTA CORRENTE 74;CNPJ 74
NOME DA CONTA 75;AGÊNCIA 75;CONTA CORRENTE 75;CNPJ 75
NOME DA CONTA 76;AGÊNCIA 76;CONTA CORRENTE 76;CNPJ 76
NOME DA CONTA 77;AGÊNCIA 77;CONTA CORRENTE 77;CNPJ 77
NOME DA CONTA 78;AGÊNCIA 78;CONTA CORRENTE 78;CNPJ 78
NOME DA CONTA 79;AGÊNCIA 79;CONTA CORRENTE 79;CNPJ 79
NOME DA CONTA 80;AGÊNCIA 80;CONTA CORRENTE 80;CNPJ 80
NOME DA CONTA 81;AGÊNCIA 81;CONTA CORRENTE 81;CNPJ 81
NOME DA CONTA 82;AGÊNCIA 82;CONTA CORRENTE 82;CNPJ 82
NOME DA CONTA 83;AGÊNCIA 83;CONTA CORRENTE 83;CNPJ 83
NOME DA CONTA 84;AGÊNCIA 84;CONTA CORRENTE 84;CNPJ 84
NOME DA CONTA 85;AGÊNCIA 85;CONTA CORRENTE 85;CNPJ 85
NOME DA CONTA 86;AGÊNCIA 86;CONTA CORRENTE 86;CNPJ 86
NOME DA CONTA 87;AGÊNCIA 87;CONTA CORRENTE 87;CNPJ 87
NOME DA CONTA 88;AGÊNCIA 88;CONTA CORRENTE 88;CNPJ 88
NOME DA CONTA 89;AGÊNCIA 89;CONTA CORRENTE 89;CNPJ 89
NOME DA CONTA 90;AGÊNCIA 90;CONTA CORRENTE 90;CNPJ 90
NOME DA CONTA 91;AGÊNCIA 91;CONTA CORRENTE 91;CNPJ 91
NOME DA CONTA 92;AGÊNCIA 92;CONTA CORRENTE 92;CNPJ 92
NOME DA CONTA 93;AGÊNCIA 93;CONTA CORRENTE 93;CNPJ 93
NOME DA CONTA 94;AGÊNCIA 94;CONTA CORRENTE 94;CNPJ 94
NOME DA CONTA 95;AGÊNCIA 95;CONTA CORRENTE 95;CNPJ 95
NOME DA CONTA 96;AGÊNCIA 96;CONTA CORRENTE 96;CNPJ 96
NOME DA CONTA 97;AGÊNCIA 97;CONTA CORRENTE 97;CNPJ 97
NOME DA CONTA 98;AGÊNCIA 98;CONTA CORRENTE 98;CNPJ 98
NOME DA CONTA 99;AGÊNCIA 99;CONTA CORRENTE 99;CNPJ 99
NOME DA CONTA 100;AGÊNCIA 100;CONTA CORRENTE 100;CNPJ 100
NOME DA CONTA 101;AGÊNCIA 101;CONTA CORRENTE 101;CNPJ 101
NOME DA CONTA 102;AGÊNCIA 102;CONTA CORRENTE 102;CNPJ 102
NOME DA CONTA 103;AGÊNCIA 103;CONTA CORRENTE 103;CNPJ 103
NOME DA CONTA 104;AGÊNCIA 104;CONTA CORRENTE 104;CNPJ 104
NOME DA CONTA 105;AGÊNCIA 105;CONTA CORRENTE 105;CNPJ 105
NOME DA CONTA 106;AGÊNCIA 106;CONTA CORRENTE 106;CNPJ 106
NOME DA CONTA 107;AGÊNCIA 107;CONTA CORRENTE 107;CNPJ 107
NOME DA CONTA 108;AGÊNCIA 108;CONTA CORRENTE 108;CNPJ 108
NOME DA CONTA 109;AGÊNCIA 109;CONTA CORRENTE 109;CNPJ 109
NOME DA CONTA 110;AGÊNCIA 110;CONTA CORRENTE 110;CNPJ 110
NOME DA CONTA 111;AGÊNCIA 111;CONTA CORRENTE 111;CNPJ 111
NOME DA CONTA 112;AGÊNCIA 112;CONTA CORRENTE 112;CNPJ 112
NOME DA CONTA 113;AGÊNCIA 113;CONTA CORRENTE 113;CNPJ 113
NOME DA CONTA 114;AGÊNCIA 114;CONTA CORRENTE 114;CNPJ 114
NOME DA CONTA 115;AGÊNCIA 115;CONTA CORRENTE 115;CNPJ 115
NOME DA CONTA 116;AGÊNCIA 116;CONTA CORRENTE 116;CNPJ 116
NOME DA CONTA 117;AGÊNCIA 117;CONTA CORRENTE 117;CNPJ 117
NOME DA CONTA 118;AGÊNCIA 118;CONTA CORRENTE 118;CNPJ 118
NOME DA CONTA 119;AGÊNCIA 119;CONTA CORRENTE 119;CNPJ 119
NOME DA CONTA 120;AGÊNCIA 120;CONTA CORRENTE 120;CNPJ 120
NOME DA CONTA 121;AGÊNCIA 121;CONTA CORRENTE 121;CNPJ 121
NOME DA CONTA 122;AGÊNCIA 122;CONTA CORRENTE 122;CNPJ 122
NOME DA CONTA 123;AGÊNCIA 123;CONTA CORRENTE 123;CNPJ 123
NOME DA CONTA 124;AGÊNCIA 124;CONTA CORRENTE 124;CNPJ 124
NOME DA CONTA 125;AGÊNCIA 125;CONTA CORRENTE 125;CNPJ 125
NOME DA CONTA 126;AGÊNCIA 126;CONTA CORRENTE 126;CNPJ 126
NOME DA CONTA 127;AGÊNCIA 127;CONTA CORRENTE 127;CNPJ 127
NOME DA CONTA 128;AGÊNCIA 128;CONTA CORRENTE 128;CNPJ 128
NOME DA CONTA 129;AGÊNCIA 129;CONTA CORRENTE 129;CNPJ 129
NOME DA CONTA 130;AGÊNCIA 130;CONTA CORRENTE 130;CNPJ 130
NOME DA CONTA 131;AGÊNCIA 131;CONTA CORRENTE 131;CNPJ 131
NOME DA CONTA 132;AGÊNCIA 132;CONTA CORRENTE 132;CNPJ 132
NOME DA CONTA 133;AGÊNCIA 133;CONTA CORRENTE 133;CNPJ 133
NOME DA CONTA 134;AGÊNCIA 134;CONTA CORRENTE 134;CNPJ 134
NOME DA CONTA 135;AGÊNCIA 135;CONTA CORRENTE 135;CNPJ 135
NOME DA CONTA 136;AGÊNCIA 136;CONTA CORRENTE 136;CNPJ 136
NOME DA CONTA 137;AGÊNCIA 137;CONTA CORRENTE 137;CNPJ 137
NOME DA CONTA 138;AGÊNCIA 138;CONTA CORRENTE 138;CNPJ 138
NOME DA CONTA 139;AGÊNCIA 139;CONTA CORRENTE 139;CNPJ 139
NOME DA CONTA 140;AGÊNCIA 140;CONTA CORRENTE 140;CNPJ 140
NOME DA CONTA 141;AGÊNCIA 141;CONTA CORRENTE 141;CNPJ 141
NOME DA CONTA 142;AGÊNCIA 142;CONTA CORRENTE 142;CNPJ 142
NOME DA CONTA 143;AGÊNCIA 143;CONTA CORRENTE 143;CNPJ 143
NOME DA CONTA 144;AGÊNCIA 144;CONTA CORRENTE 144;CNPJ 144
NOME DA CONTA 145;AGÊNCIA 145;CONTA CORRENTE 145;CNPJ 145
NOME DA CONTA 146;AGÊNCIA 146;CONTA CORRENTE 146;CNPJ 146
NOME DA CONTA 147;AGÊNCIA 147;CONTA CORRENTE 147;CNPJ 147
NOME DA CONTA 148;AGÊNCIA 148;CONTA CORRENTE 148;CNPJ 148
NOME DA CONTA 149;AGÊNCIA 149;CONTA CORRENTE 149;CNPJ 149
NOME DA CONTA 150;AGÊNCIA 150;CONTA CORRENTE 150;CNPJ 150
NOME DA CONTA 151;AGÊNCIA 151;CONTA CORRENTE 151;CNPJ 151
NOME DA CONTA 152;AGÊNCIA 152;CONTA CORRENTE 152;CNPJ 152
NOME DA CONTA 153;AGÊNCIA 153;CONTA CORRENTE 153;CNPJ 153
NOME DA CONTA 154;AGÊNCIA 154;CONTA CORRENTE 154;CNPJ 154
NOME DA CONTA 155;AGÊNCIA 155;CONTA CORRENTE 155;CNPJ 155
NOME DA CONTA 156;AGÊNCIA 156;CONTA CORRENTE 156;CNPJ 156
NOME DA CONTA 157;AGÊNCIA 157;CONTA CORRENTE 157;CNPJ 157
NOME DA CONTA 158;AGÊNCIA 158;CONTA CORRENTE 158;CNPJ 158
NOME DA CONTA 159;AGÊNCIA 159;CONTA CORRENTE 159;CNPJ 159
NOME DA CONTA 160;AGÊNCIA 160;CONTA CORRENTE 160;CNPJ 160
NOME DA CONTA 161;AGÊNCIA 161;CONTA CORRENTE 161;CNPJ 161
NOME DA CONTA 162;AGÊNCIA 162;CONTA CORRENTE 162;CNPJ 162
